{"1": "Al", "2": "Bl", "3": "Cl", "4": "Zl", "5": "Dan", "6": "Dan", "7": "Dan", "8": "Dan", "9": "Dan", "10": "Dan", "11": "Dan", "12": "Dan", "13": "Dan", "14": "Dan", "15": "Dan", "16": "Dan", "17": "Dan", "18": "Dan", "19": "Dan", "20": "Dan", "21": "Dan", "22": "Dan", "23": "Dan", "24": "Dan", "25": "Dan", "26": "Dan", "27": "Dan", "28": "Dan", "29": "Dan", "30": "Dan", "31": "Dan", "32": "Dan", "33": "Dan", "34": "Dan", "35": "Dan", "36": "Dan", "37": "Dan", "38": "Dan", "39": "Dan", "40": "Dan", "41": "Barak Obama"}